SampleID,ParticleID,WellID,ParticleShape,ParticleColor,ParticlePolymerType,ParticleLength,ParticleWidth,SieveSizeRange,PhotoURL,SpectraLink,Notes
SFEI_01_S01,,W25,,,,4034.02,4387.75,500,,,
SFEI_01_S01,,W26,,,,3243.41,4176.15,500,,,
SFEI_01_S01,,W27,,,,3837.73,3460.09,500,,,
SFEI_01_S01,,W28,,,,3905.41,2722.03,500,,,
SFEI_01_S01,,W29,,,,3627.91,3873.14,500,,,
SFEI_01_S01,,W30,,,,3472.23,4022.1,500,,,
SFEI_01_S01,,W31,,,,1570.29,1523.52,500,,,
SFEI_01_S01,,W32,,,,906.98,1272.99,500,,,
SFEI_01_S01,,P1W33,Fiber,Orange,,1908.13,1300.97,500,,,
SFEI_01_S01,,W34,,,,2802.15,2132.93,500,,,
SFEI_01_S01,,W35,,,,3350.4,3202.79,500,,,
SFEI_01_S01,,W36,,,,1549.98,1537.07,500,,,
SFEI_01_S01,,P2W37,Fragment,White,,1689.59,1383.83,500,,,
SFEI_01_S01,,P3W38,Fragment,White,,3225.51,2012.91,500,,,
SFEI_01_S01,,P4W39,Fragment,Brown,,4028.87,3296.25,500,,,
SFEI_01_S01,,W40,,,,2125.3,2464.72,500,,,
SFEI_01_S01,,W41,,,,2842.76,2992.88,500,,,
SFEI_01_S01,,P5W42,Fragment,White,,3108.47,2587.01,500,,,
SFEI_01_S01,,W43,,,,2734.47,3006.42,500,,,
SFEI_01_S01,,W44,,,,1130.34,1327.16,500,,,
SFEI_01_S01,,W45,,,,1164.18,1631.86,500,,,
SFEI_01_S01,,P6W46,Fragment,White,,1472.21,974.29,500,,,
SFEI_01_S01,,W47,,,,1929.02,3114.76,500,,,
SFEI_01_S01,,W48,,,,1313.09,1198.51,500,,,
SFEI_01_S01,,P7W49,Fragment,Orange,,1547.39,1545.04,500,,,
SFEI_01_S01,,W50,,,,1346.93,1401.64,500,,,
SFEI_01_S01,,W51,,,,2815.69,3642.91,500,,,
SFEI_01_S01,,W52,,,,2152.38,1455.81,500,,,
SFEI_01_S01,,W53,,,,1935.79,1936.57,500,,,
SFEI_01_S01,,W54,,,,1143.87,1124.02,500,,,
SFEI_01_S01,,W55,,,,1651.51,1746.97,500,,,
SFEI_01_S01,,P8W56,Fragment,Red,,2741.31,893.8,500,,,
SFEI_01_S01,,W57,,,,1441.69,1117.25,500,,,
SFEI_01_S01,,P9W58,Fragment,White,,2752.07,230.53,500,,,
SFEI_01_S01,,W59,,,,2247.14,2545.98,500,,,
SFEI_01_S01,,W60,,,,1164.18,1137.56,500,,,
SFEI_01_S01,,P10W61,Fragment,White,,1545.7,887.27,500,,,
SFEI_01_S01,,W62,,,,1028.81,697.44,500,,,
SFEI_01_S01,,W63,,,,1340.16,1144.34,500,,,
SFEI_01_S01,,W64,,,,1279.24,819.32,500,,,
SFEI_01_S01,,P11W65,Fragment,Orange,,1053.53,1004.68,500,,,
SFEI_01_S01,,W66,,,,1685.35,1178.19,500,,,
SFEI_01_S01,,P12W67,Fragment,White,,1807.74,980.72,500,,,
SFEI_01_S01,,P13W68,Fragment,Red,,1139.36,420.52,500,,,
SFEI_01_S01,,P14W69,Fragment,White,,1616.94,832.61,500,,,
SFEI_01_S01,,W70,,,,2335.13,2796.51,500,,,
SFEI_01_S01,,P15W71,Fragment,White,,2464.72,1901.94,500,,,
SFEI_01_S01,,W72,,,,1820.72,1760.52,500,,,
SFEI_01_S01,,P16W73,Fragment,White,,4880.64,877.26,500,,,
SFEI_01_S01,,P17W74,Fragment,Black,,10623.92,3729.01,500,,,
SFEI_01_S01,,P18W75,Fragment,White,,9936.43,6071.73,500,,,
SFEI_01_S01,,P19W76,Fragment,White,,2912.43,1641.58,500,,,
,,,,,,,,,,,
SFEI_01_S02,,P1W5,Fragment,White,,3144.93,2779.83,500,,,
SFEI_01_S02,,W6,,,,3309.79,3019.96,500,,,
SFEI_01_S02,,W7,,,,2626.17,2559.52,500,,,
SFEI_01_S02,,W8,,,,2687.09,2769.43,500,,,
SFEI_01_S02,,P2W9,Fragment,Green,,3878.86,1753.36,500,,,
SFEI_01_S02,,W10,,,,4331.83,3588.75,500,,,
SFEI_01_S02,,P3W11,Fragment,White,,5070.65,731.78,500,,,
SFEI_01_S02,,P4W12,Fragment,Black,,2705.3,928.73,500,,,
SFEI_01_S02,,W13,,,,,,500,,,
,,,,,,,,,,,
SFEI-01-S03,,P1W5,Fragment,White,,2168.14,538.31,500,,,
,,W6,,,,1955.3,1375.71,500,,,
SFEI-01-S03,,P2W7,Fragment,White,,4562.21,2836.09,500,,,
,,W8,,,,1772.67,1945.35,500,,,
SFEI-01-S03,,P3W9,Fragment,White,,1439.43,692.07,500,,,
SFEI-01-S03,,P4W10,Fragment,White,,2049.15,456.14,500,,,
SFEI-01-S03,,P5W11,Fragment,White,,2797.78,459.13,500,,,
SFEI-01-S03,,P6W12,Fragment,White,,1375.71,1192.52,500,,,
SFEI-01-S03,,P7W13,Fragment,Blue,,2789.52,426.58,500,,,
SFEI-01-S03,,W14,,,,601.63,408.42,500,,,
SFEI-01-S03,,P8W15,Fragment,White,,5079.71,1961.8,500,,,
SFEI-01-S03,,W16,,,,2309.84,1913.1,500,,,
SFEI-01-S03,,W17,,,,1665.23,2611.71,500,,,
SFEI-01-S03,,W18,,,,709.07,752.34,500,,,
SFEI-01-S03,,W19,,,,408.25,558.88,500,,,
SFEI-01-S03,,W20,,,,1020.63,1622.91,500,,,
SFEI-01-S03,,W21,,,,805.76,687.86,500,,,
SFEI-01-S03,,P9W22,Fragment,Blue,,4594.28,554.68,500,,,
SFEI-01-S03,,W23,,,,1643.74,2482.73,500,,,
SFEI-01-S03,,W24,,,,1718.95,1354.22,500,,,
SFEI-01-S03,,P10W25,Fragment,White,,4772.77,1292.08,500,,,
SFEI-01-S03,,P11W26,Fragment,White,,4270.15,3373.69,500,,,
SFEI-01-S03,,W27,,,,,,500,,,
SFEI-01-S03,,P12W28,Fragment,White,,3431.8,986.74,500,,,
,,,,,,,,,,,
SFEI_01_S04,,W5,,,,1813.95,1394.87,500,,,
SFEI_01_S04,,W6,,,,1759.81,1848.54,500,,,
SFEI_01_S04,,W7,,,,2524.64,2261.59,500,,,
SFEI_01_S04,,W8,,,,1746.27,1124.02,500,,,
SFEI_01_S04,,W9,,,,1198.02,765.15,500,,,
SFEI_01_S04,,P1W10,Fragment,Multicolor (2+ colors),,4565.95,1258.32,500,,,
SFEI_01_S04,,P2W11,Fragment,Multicolor (2+ colors),,2984.29,1788.98,500,,,
SFEI_01_S04,,W12,,,,1069.42,1482.9,500,,,
SFEI_01_S04,,P3W13,Fragment,White,,3614.72,1319.11,500,,,
SFEI_01_S04,,W14,,,,859.6,622.95,500,,,
SFEI_01_S04,,P4W15,Fragment,White,,2242.39,796.79,500,,,
SFEI_01_S04,,W16,,,,1042.35,893.8,500,,,
SFEI_01_S04,,W17,,,,1313.09,1272.99,500,,,
SFEI_01_S04,,P5W18,Fragment,Brown,,4381.57,1544.21,500,,,
SFEI_01_S04,,P6W19,Fragment,White,,1963.98,1334.56,500,,,
SFEI_01_S04,,W20,,,,961.12,900.57,500,,,
SFEI_01_S04,,W21,,,,1631.2,1272.99,500,,,
SFEI_01_S04,,W22,,,,1407.84,1198.51,500,,,
SFEI_01_S04,,P7W23,Fragment,White,,1813.95,1489.67,500,,,
SFEI_01_S04,,P8W24,Fragment,Brown,,5367.41,4651.83,500,,,
SFEI_01_S04,,P9W25,Fragment,White,,4116.72,3555.54,500,,,
SFEI_01_S04,,P10W26,Fragment,Multicolor (2+ colors),,5178.89,2323.01,500,,,
SFEI_01_S04,,P11W27,Fragment,White,,4630.96,2280.54,500,,,
SFEI_01_S04,,P12W28,Fragment,White,,4575.9,2672.22,500,,,
SFEI_01_S04,,P13W29,Fragment,White,,2539.12,1866.25,500,,,
SFEI_01_S04,,P14W30,Fragment,White,,2723.3,1935.53,500,,,
SFEI_01_S04,,P15W31,Fragment,White,,1667.53,1521.23,500,,,
SFEI_01_S04,,W30,,,,2723.3,1935.53,500,,,
SFEI_01_S04,,P16W33,Fragment,Green,,15699.87,644.79,500,,,
SFEI_01_S04,,P17S34,Fragment,White,,7316.91,5355.18,500,,,
SFEI_01_S04,,W35,,,,5286.18,2485.04,500,,,
SFEI_01_S04,,P18W36,Fragment,White,,8135.75,5308.58,500,,,
SFEI_01_S04,,P19W37,Fragment,White,,6241.15,4728.43,500,,,
SFEI_01_S04,,W38,,,,832.52,1598.01,500,,,
SFEI_01_S04,,P20S39,Fragment,White,,1212.77,691.39,500,,,
SFEI_01_S04,,W40,,,,791.91,907.34,500,,,
SFEI_01_S04,,P21S41,Fragment,Brown,,2161.35,1038.19,500,,,
SFEI_01_S04,,P22W42,Fragment,White,,5299.38,2362.21,500,,,
SFEI_01_S04,,P23W43,Fragment,Green,,6058.54,4320.06,500,,,
SFEI_01_S04,,P24W44,Fragment,Brown,,5854.44,3363.63,500,,,
SFEI_01_S04,,W45,,,,1198.02,846.4,500,,,
SFEI_01_S04,,P25W46,Fragment,Blue,,1373.82,630.93,500,,,
,,,,,,,,,,,
SFEI_01_S05,,W49,,,,3385.61,4609.34,500,,,
SFEI_01_S05,,W50,,,,3087.68,3011.97,2164.48,,,
SFEI_01_S05,,W51,,,,2146.48,2111.77,500,,,
SFEI_01_S05,,P1W52,Fragment,Orange,,2861.17,1014.22,500,,,
SFEI_01_S05,,W53,,,,3886.68,3296.25,500,,,
SFEI_01_S05,,P1W54,Fragment,Brown,,2980.87,1001,500,,,
SFEI_01_S05,,P3W55,Fragment,Orange,,1772.74,608.5,500,,,
SFEI_01_S05,,P4W56,Fragment,Brown,,3939.26,3906.99,500,,,
SFEI_01_S05,,P5W57,Fragment,Orange,,2780.88,2265.27,500,,,
SFEI_01_S05,,W58,,,,1015.27,1340.7,500,,,
SFEI_01_S05,,P6W59,Fragment,Orange,,1632.46,717.37,500,,,
SFEI_01_S05,,W60,,,,2959.02,2653.25,500,,,
SFEI_01_S05,,W61,,,,2545.98,1279.24,500,,,
SFEI_01_S05,,W62,,,,886.67,1713.12,500,,,
SFEI_01_S05,,P7W63,Fragment,Orange,,1683.08,1279.51,500,,,
SFEI_01_S05,,W64,,,,1713.12,1529.68,500,,,
SFEI_01_S05,,W65,,,,1970.42,1137.11,500,,,
SFEI_01_S05,,W66,,,,1530.3,1116.8,500,,,
SFEI_01_S05,,W67,,,,1164.65,967.89,500,,,
SFEI_01_S05,,P8W68,Fragment,Red,,818.02,490.42,500,,,
SFEI_01_S05,,P9W69,Fragment,White,,2322.35,788.27,500,,,
SFEI_01_S05,,W70,,,,1503.21,1983.17,500,,,
SFEI_01_S05,,P10W71,Fragment,White,,3586.73,1720.39,500,,,
SFEI_01_S05,,W72,,,,2099.08,2280.98,500,,,
SFEI_01_S05,,W73,,,,582.32,1042.35,500,,,
SFEI_01_S05,,P11W74,Fragment,Red,,1154.72,895.77,500,,,
SFEI_01_S05,,P12W75,Fragment,Green,,3227.19,2123.75,500,,,
SFEI_01_S05,,P13W76,Fragment,Green,,1804.71,906,500,,,
SFEI_01_S05,,W77,,,,677.12,710.69,500,,,
SFEI_01_S05,,P14W78,Fragment,Brown,,2325.34,1581.83,500,,,
,,,,,,,,,,,
SFEI_01_S06,,W05,,,,2451.18,3539.92,500,,,
SFEI_01_S06,,W06,,,,2085.53,2876.61,500,,,
SFEI_01_S06,,W07,,,,2099.08,2612.63,500,,,
SFEI_01_S06,,W08,,,,2390.24,2111.77,500,,,
SFEI_01_S06,,W09,,,,2877.77,2179.45,500,,,
SFEI_01_S06,,W10,,,,3473.63,2700.62,500,,,
SFEI_01_S06,,W11,,,,3317.9,2693.86,500,,,
SFEI_01_S06,,W12,,,,1909.48,1719.19,500,,,
SFEI_01_S06,,W13,,,,1029.23,1631.2,500,,,
SFEI_01_S06,,W14,,,,2227.73,2538.18,500,,,
SFEI_01_S06,,P1W15,Fragment,White,,2649.65,1793.05,500,,,
SFEI_01_S06,,W16,,,,4069.5,3255.64,500,,,
SFEI_01_S06,,W17,,,,1381.33,1651.51,500,,,
SFEI_01_S06,,W18,,,,2017.82,1597.36,500,,,
SFEI_01_S06,,W19,,,,1902.71,2280.98,500,,,
SFEI_01_S06,,W20,,,,4062.73,3973.1,500,,,
SFEI_01_S06,,P2W21,Fragment,White,,2036.27,947.38,500,,,
SFEI_01_S06,,W22,,,,2837.14,2653.25,500,,,
SFEI_01_S06,,W23,,,,1977.2,2680.32,500,,,
SFEI_01_S06,,W24,,,,1550.61,1942.55,500,,,
SFEI_01_S06,,W25,,,,2606.92,2781.85,500,,,
SFEI_01_S06,,W26,,,,968.28,1516.14,500,,,
SFEI_01_S06,,W27,,,,1002.14,967.89,500,,,
SFEI_01_S06,,W28,,,,846.4,852.83,500,,,
SFEI_01_S06,,W29,,,,1449.04,1374,500,,,
SFEI_01_S06,,P3W30,Fragment,White,,3007.8,1115.54,500,,,
SFEI_01_S06,,W31,,,,2769.43,1434.92,500,,,
SFEI_01_S06,,W32,,,,2112.62,2280.98,500,,,
SFEI_01_S06,,W33,,,,1171.42,1475.53,500,,,
SFEI_01_S06,,W34,,,,677.12,758.07,500,,,
SFEI_01_S06,,W35,,,,1374.56,1326.62,500,,,
SFEI_01_S06,,W36,,,,1388.1,1461.99,500,,,
SFEI_01_S06,,W37,,,,1746.97,913.75,500,,,
SFEI_01_S06,,W38,,,,914.11,1658.28,500,,,
SFEI_01_S06,,P4W39,Fragment,White,,1805.95,952.61,500,,,
SFEI_01_S06,,P5W40,Fragment,Multicolor (2+ colors),,2752.88,937.61,500,,,
SFEI_01_S06,,P6W41,Fragment,White,,2255.32,551.54,500,,,
SFEI_01_S06,,W42,,,,1212.05,615.93,500,,,
SFEI_01_S06,,P7W43,Fragment,White,,4419.58,2852.98,500,,,
SFEI_01_S06,,P8W44,Fragment,Orange,,4299.53,2793.24,500,,,
SFEI_01_S06,,W45,,,,615.93,1225.59,500,,,
SFEI_01_S06,,W46,,,,663.58,852.83,500,,,
,,,,,,,,,,,
SFEI_01_S07,,W06,,,,1401.08,1394.87,500,,,
SFEI_01_S07,,W07,,,,2179.45,2281.9,500,,,
SFEI_01_S07,,W08,,,,636.24,643.27,500,,,
SFEI_01_S07,,W09,,,,1103.26,1543.84,500,,,
SFEI_01_S07,,W10,,,,2856.3,2573.06,500,,,
SFEI_01_S07,,W11,,,,2098.23,1388.1,500,,,
SFEI_01_S07,,W12,,,,3485.77,2112.62,500,,,
SFEI_01_S07,,W13,,,,2578.79,2451.18,500,,,
SFEI_01_S07,,W14,,,,1495.83,2552.75,500,,,
SFEI_01_S07,,P1W15,Fragment,Green,,2321.59,2295.44,500,,,
SFEI_01_S07,,W16,,,,2077.92,1760.52,500,,,
SFEI_01_S07,,W17,,,,2477.26,2227.73,500,,,
SFEI_01_S07,,W18,,,,825.75,893.8,500,,,
SFEI_01_S07,,W19,,,,1049.11,1110.48,500,,,
SFEI_01_S07,,W20,,,,1563.52,1482.9,500,,,
SFEI_01_S07,,W21,,,,791.91,961.51,500,,,
SFEI_01_S07,,W22,,,,4047.55,1821.46,500,,,
SFEI_01_S07,,W23,,,,2693.86,2674.63,500,,,
SFEI_01_S07,,W24,,,,1184.48,1232.36,500,,,
SFEI_01_S07,,P2W25,Fragment,White,,2355.43,4198.15,500,,,
SFEI_01_S07,,W26,,,,2010.24,1956.88,500,,,
SFEI_01_S07,,W27,,,,1800.42,1950.11,500,,,
SFEI_01_S07,,W28,,,,1651.51,1997.51,500,,,
SFEI_01_S07,,W29,,,,2382.51,2376.7,500,,,
SFEI_01_S07,,W30,,,,561.78,1157.88,500,,,
SFEI_01_S07,,P3W31,Fragment,White,,2937.52,1929.8,500,,,
SFEI_01_S07,,W32,,,,1895.18,1462.58,500,,,
SFEI_01_S07,,W33,,,,737.76,704.21,500,,,
SFEI_01_S07,,W34,,,,1306.32,1591.24,500,,,
SFEI_01_S07,,W35,,,,636.24,575.55,500,,,
SFEI_01_S07,,W36,,,,2565.25,2051.68,500,,,
SFEI_01_S07,,P4W37,Fragment,White,,744.53,622.95,500,,,
SFEI_01_S07,,W38,,,,900.21,866.72,500,,,
SFEI_01_S07,,W39,,,,2057.62,1801.14,500,,,
SFEI_01_S07,,P5W40,Fragment,Green,,324.89,365.65,500,,,
SFEI_01_S07,,W41,,,,555.02,792.23,500,,,
SFEI_01_S07,,W42,,,,988.2,907.34,500,,,
SFEI_01_S07,,W43,,,,1272.47,1706.35,500,,,
SFEI_01_S07,,W44,,,,1922.25,1692.8,500,,,
SFEI_01_S07,,W45,,,,480.56,1008.91,500,,,
SFEI_01_S07,,W46,,,,690.39,1083.39,500,,,
SFEI_01_S07,,P6W47,Fragment,Orange,,703.92,744.83,500,,,
SFEI_01_S07,,P7W48,Fragment,Red,,1441.69,656.81,500,,,
SFEI_01_S07,,P8W49,Fragment,Black,,568.55,413.04,500,,,
SFEI_01_S07,,P9W50,Fragment,White,,697.15,1144.34,500,,,
SFEI_01_S07,,P10W51,Fragment,Brown,,825.75,697.44,500,,,
SFEI_01_S07,,W52,,,,1861.33,751.61,500,,,
SFEI_01_S07,,W54,,,,3445.16,2349.61,500,,,
SFEI_01_S07,,W55,,,,3878.34,4435.15,500,,,
SFEI_01_S07,,P11W56,Fragment,White,,954.36,1069.85,500,,,
SFEI_01_S07,,W57,,,,1022.04,724.52,500,,,
SFEI_01_S07,,W58,,,,1292.78,792.23,500,,,
,,,,,,,,,,,
SFEI_01_S08,,P1W05,Fragment,White,,669.29,643.1,500,,,
SFEI_01_S08,,W06,,,,1610.9,1069.85,500,,,
SFEI_01_S08,,P2W07,Fragment,White,,4793.64,809.33,500,,,
SFEI_01_S08,,W08,,,,1942.55,1442.27,500,,,
SFEI_01_S08,,P3W09,Fragment,Green,,1156.42,643.87,500,,,
SFEI_01_S08,,W10,,,,1935.79,2085.53,500,,,
SFEI_01_S08,,P4W11,Fragment,White,,3454.03,2844.02,500,,,
SFEI_01_S08,,W12,,,,636.24,887.03,500,,,
SFEI_01_S08,,W13,,,,832.52,738.06,500,,,
SFEI_01_S08,,P5W14,Fragment,White,,5181.26,358.79,500,,,
SFEI_01_S08,,P6W15,Fragment,White,,4808.47,2692.37,500,,,
SFEI_01_S08,,P7W16,Fragment,Green,,4654.63,3005.89,500,,,
SFEI_01_S08,,W17,,,,1448.46,1279.76,500,,,
SFEI_01_S08,,P8W18,Fragment,Blue,,1694.5,569.56,500,,,
SFEI_01_S08,,P9W19,Fragment,Orange,,2361.49,1601.69,500,,,
SFEI_01_S08,,P10W20,Fragment,Orange,,850,389.59,500,,,
SFEI_01_S08,,W21,,,,649.77,778.69,500,,,
SFEI_01_S08,,P11W22,Fragment,White,,2131.39,1470. 23,500,,,
SFEI_01_S08,,W23,,,,1137.11,1266.22,500,,,
SFEI_01_S08,,P12W24,Fragment,Green,,1427.03,268.75,500,,,
SFEI_01_S08,,W25,,,,1085.52,2074.32,500,,,
SFEI_01_S08,,W26,,,,1514.82,1590.03,500,,,
SFEI_01_S08,,P13W27,Fragment,Green,,3941.75,1298.75,500,,,
SFEI_01_S08,,P14W28,Fragment,White,,1110.3,663.31,500,,,
SFEI_01_S08,,P15W29,Fragment,White,,941.49,775.58,500,,,
SFEI_01_S08,,P16W30,Fragment,Brown,,1503.74,1165.85,500,,,
SFEI_01_S08,,P17W31,Fragment,White,,1972.65,1760.79,500,,,
SFEI_01_S08,,W32,,,,5692.29,3087.68,500,,,
SFEI_01_S08,,W33,,,,1326.62,1428.73,500,,,
SFEI_01_S08,,P18W34,Fragment,Blue,,962.89,827.11,500,,,
SFEI_01_S08,,P19W35,Fragment,White,,2305.04,896,500,,,
SFEI_01_S08,,P20W36,Fragment,Green,,1531.58,702.27,500,,,
SFEI_01_S08,,P21W37,Fragment,Blue,,1084.75,1556.77,500,,,
SFEI_01_S08,,P22W38,Fragment,White,,1859.09,1413.71,500,,,
SFEI_01_S08,,P23W39,Fragment,White,,1604.02,1516.28,500,,,
SFEI_01_S08,,P24W40,Fragment,Red,,841.27,984.79,500,,,
SFEI_01_S08,,P25W41,Fragment,White,,962.3,2369.58,500,,,
SFEI_01_S08,,P26W42,Fragment,White,,1841.59,3796.34,500,,,
SFEI_01_S08,,P27W43,Fragment,White,,2572.1,3670.38,500,,,
SFEI_01_S08,,P28W44,Fragment,White,,3089.07,4304.91,500,,,
SFEI_01_S08,,P29W45,Fragment,Blue,,812.8,809.54,500,,,
SFEI_01_S08,,P30W46,Fragment,White,,1780.88,1478.3,500,,,
SFEI_01_S08,,P31W47,Fragment,White,,1522.3,1368.81,500,,,
SFEI_01_S08,,P32W48,Fragment,Green,,3155.03,748.81,500,,,
SFEI_01_S08,,P33W49,Fragment,White,,3153.72,1838.59,500,,,
SFEI_01_S08,,P34W50,Fragment,White,,4884.24,1674.81,500,,,
SFEI_01_S08,,P35W51,Fragment,White,,929.43,1757.25,500,,,
SFEI_01_S08,,P36W52,Fragment,White,,1006.15,2001,500,,,
SFEI_01_S08,,W53,,,,1665.05,1855.31,500,,,
SFEI_01_S08,,P37W54,Fragment,White,,1851.11,650.49,500,,,
SFEI_01_S08,,P38W55,Fragment,Brown,,1367.08,1282.72,500,,,
SFEI_01_S08,,P39W56,Fragment,White,,1177.84,829.11,500,,,
SFEI_01_S08,,P40W57,Fragment,White,,3060.18,1010.73,500,,,
SFEI_01_S08,,P41W58,Fragment,White,,717.63,643.17,500,,,
SFEI_01_S08,,P42W59,Fragment,Black,,1176.37,1023.55,500,,,
SFEI_01_S08,,P43W60,Fragment,White,,1303.93,965.46,500,,,
SFEI_01_S08,,P44W61,Fragment,Green,,1028.06,1145.14,500,,,
SFEI_01_S08,,P44W62,,,,1658.28,941.2,500,,,
SFEI_01_S08,,P44W63,,,,500.87,1002.14,500,,,
SFEI_01_S08,,P45W64,Fragment,White,,844.23,808.98,500,,,
SFEI_01_S08,,W65,,,,1231.86,1557.38,500,,,
SFEI_01_S08,,W66,,,,1651.51,934.43,500,,,
SFEI_01_S08,,W67,,,,1292.78,1286.53,500,,,
SFEI_01_S08,,W68,,,,1076.19,873.49,500,,,
SFEI_01_S08,,W69,,,,900.21,873.49,500,,,
SFEI_01_S08,,W70,,,,1279.24,704.21,500,,,
SFEI_01_S08,,P46W71,Fragment,White,,746.3,605.4,500,,,
SFEI_01_S08,,P47W72,Fragment,White,,818.92,1082.33,500,,,
SFEI_01_S08,,P48W73,Fragment,White,,933.19,1082.33,500,,,
SFEI_01_S08,,P49W74,Fragment,Pink,,1150.52,753.25,500,,,
SFEI_01_S08,,P50W75,Fragment,White,,857.09,591.34,500,,,
SFEI_01_S08,,W76,,,,1495.83,1449.04,500,,,
SFEI_01_S08,,P51W77,Fragment,White,,1242.47,1110.54,500,,,
SFEI_01_S08,,P52W78,Fragment,Green,,564.69,666.77,500,,,
SFEI_01_S08,,P53W79,Fragment,Blue,,1532.28,835.89,500,,,
SFEI_01_S08,,W80,,,,832.52,541.7,500,,,
SFEI_01_S08,,W81,,,,636.24,731.29,500,,,
SFEI_01_S08,,P54W82,Fragment,White,,1723.19,1079.9,500,,,
SFEI_01_S08,,P55W83,Fiber,White,,28934.19,7802.65,500,,,
SFEI_01_S08,,P56W84,Fragment,White,,12888.09,9967.25,500,,,
SFEI_01_S08,,P57W85,Fragment,White,,9602.19,9541.64,500,,,
SFEI_01_S08,,P58W86,Fragment,Black,,13278.88,5943.52,500,,,
SFEI_01_S08,,P59W87,Fragment,White,,5264.28,5642.58,500,,,
SFEI_01_S08,,W88,,,,2314.82,1746.97,500,,,
SFEI_01_S08,,W89,,,,2626.17,3656.46,500,,,
SFEI_01_S08,,W90,,,,2287.75,2694.94,500,,,
,,,,,,,,,,,
SFEI_01_S09,,W05,,,,1509.37,1198.51,500,,,
SFEI_01_S09,,P1W6,Fragment,Brown,,4487.5,2038.14,500,,,
SFEI_01_S09,,P2W7,Fragment,White,,1184.48,1042.77,500,,,
SFEI_01_S09,,W08,,,,737.76,771.92,500,,,
SFEI_01_S09,,W09,,,,724.23,1157.88,500,,,
SFEI_01_S09,,P3W10,Fragment,Green,,1672.49,1475.53,500,,,
SFEI_01_S09,,W11,,,,717.46,1178.19,500,,,
SFEI_01_S09,,W12,,,,1658.28,2613.69,500,,,
SFEI_01_S09,,W13,,,,778.38,934.43,500,,,
SFEI_01_S09,,W14,,,,866.37,1198.51,500,,,
SFEI_01_S09,,W15,,,,873.13,1002.14,500,,,
SFEI_01_S09,,W16,,,,1705.66,1604.78,500,,,
SFEI_01_S09,,W17,,,,1265.71,988.6,500,,,
SFEI_01_S09,,P4W18,Fragment,Green,,1170.95,920.89,500,,,
SFEI_01_S09,,P5W19,Fragment,White,,1583.82,2688.17,500,,,
SFEI_01_S09,,W20,,,,643.01,1381.33,500,,,
SFEI_01_S09,,W21,,,,1164.18,1509.98,500,,,
SFEI_01_S09,,W22,,,,1137.11,1543.84,500,,,
SFEI_01_S09,,P6W23,Fragment,White,,1326.62,1232.36,500,,,
SFEI_01_S09,,W24,,,,1475.53,1408.41,500,,,
SFEI_01_S09,,P7W25,Fragment,White,,920.51,528.15,500,,,
SFEI_01_S09,,W26,,,,575.32,1103.71,500,,,
SFEI_01_S09,,P8W27,Fragment,Red,,1935.79,2099.08,500,,,
SFEI_01_S09,,W28,,,,1076.19,961.51,500,,,
SFEI_01_S09,,W29,,,,981.43,697.44,500,,,
SFEI_01_S09,,W30,,,,697.15,887.03,500,,,
SFEI_01_S09,,W31,,,,974.66,914.11,500,,,
SFEI_01_S09,,W32,,,,1150.64,961.51,500,,,
SFEI_01_S09,,W33,,,,717.46,805.77,500,,,
SFEI_01_S09,,P9W34,Fragment,White,,1225.1,799,500,,,
SFEI_01_S09,,W35,,,,2423.12,2241.27,500,,,
SFEI_01_S09,,P10W36,Fragment,White,,1143.87,1916.25,500,,,
SFEI_01_S09,,W37,,,,568.55,1279.76,500,,,
SFEI_01_S09,,P11W38,Fragment,White,,1204.79,1083.39,500,,,
SFEI_01_S09,,W39,,,,1617.67,1428.73,500,,,
SFEI_01_S09,,P12W40,Fragment,Black,,1387.54,920.89,500,,,
SFEI_01_S09,,W41,,,,1265.71,738.06,500,,,
SFEI_01_S09,,W42,,,,1062.65,1333.93,500,,,
SFEI_01_S09,,P13W43,Fragment,White,,1610.9,2241.27,500,,,
SFEI_01_S09,,W44,,,,311.35,331.79,500,,,
SFEI_01_S09,,W45,,,,2348.66,1401.64,500,,,
SFEI_01_S09,,W46,,,,643.01,704.21,500,,,
SFEI_01_S09,,W47,,,,1164.18,1300.07,500,,,
SFEI_01_S09,,W48,,,,906.98,778.69,500,,,
SFEI_01_S09,,P14W49,Fragment,White,,2937.52,1665.72,500,,,
SFEI_01_S09,,P15W50,Fragment,White,,1895.18,1868.86,500,,,
SFEI_01_S09,,P16W51,Fragment,Black,,2362.2,1753.75,500,,,
SFEI_01_S09,,P17W52,Fragment,White,,3702.36,3419.46,500,,,
SFEI_01_S09,,P18W53,Fragment,White,,1604.13,1036,500,,,
SFEI_01_S09,,W54,,,,1522.91,724.52,500,,,
SFEI_01_S09,,W55,,,,467.03,514.61,500,,,
SFEI_01_S09,,W56,,,,1353.7,582.32,500,,,
SFEI_01_S09,,W57,,,,2064.39,1767.29,500,,,
SFEI_01_S09,,P19W58,Fragment,White,,1698.89,2308.99,500,,,
SFEI_01_S09,,W59,,,,2321.59,3040.28,500,,,
SFEI_01_S09,,W60,,,,744.53,1151.11,500,,,
SFEI_01_S09,,W61,,,,1225.1,1401.64,500,,,
SFEI_01_S09,,P20W62,Fragment,White,,2923.98,4292.95,500,,,
SFEI_01_S09,,P21W63,Fragment,Brown,,2071.16,1686.03,500,,,
SFEI_01_S09,,W64,,,,1055.88,799,500,,,
SFEI_01_S09,,W65,,,,1096.49,805.77,500,,,
SFEI_01_S09,,W66,,,,1062.65,859.94,500,,,
SFEI_01_S09,,P22W67,Fragment,White,,2199.76,1584.46,500,,,
SFEI_01_S09,,W68,,,,1996.7,2011.05,500,,,
SFEI_01_S09,,W69,,,,2348.66,2410.55,500,,,
SFEI_01_S09,,W70,,,,1252.17,1083.39,500,,,
SFEI_01_S09,,P23W71,Fragment,White,,1130.34,2160.02,500,,,
SFEI_01_S09,,W72,,,,1441.69,1015.68,500,,,
SFEI_01_S09,,W73,,,,1746.27,1503.21,500,,,
SFEI_01_S09,,P24W74,Fragment,White,,1286.01,1069.85,500,,,
SFEI_01_S09,,P25W75,Fragment,Green,,2741.24,1760.52,500,,,
SFEI_01_S09,,P26W76,Fragment,White,,4225.24,3756.51,500,,,
SFEI_01_S09,,P27W77,Fragment,White,,467.03,968.28,500,,,
SFEI_01_S09,,W78,,,,2050.85,2918.39,500,,,
SFEI_01_S09,,P28W79,Fragment,White,,2375.74,2505.35,500,,,
SFEI_01_S09,,P29W80,Fragment,White,,3147.34,4143.99,500,,,
SFEI_01_S09,,W81,,,,1116.8,853.17,500,,,
SFEI_01_S09,,P30W82,Fragment,White,,2835.99,1313.62,500,,,
SFEI_01_S09,,W83,,,,2098.23,1753.75,500,,,
SFEI_01_S09,,P31W84,Fragment,White,,1049.11,1002.14,500,,,
SFEI_01_S09,,P32W85,Fragment,White,,1157.41,1218.82,500,,,
SFEI_01_S09,,P33W86,Fragment,White,,1489.07,1151.11,500,,,
SFEI_01_S09,,W87,,,,1739.5,907.34,500,,,
,,,,,,,,,,,
SFEI_01_S10,,P1W5,Fragment,White,,2450.19,1740.2,500,,,
SFEI_01_S10,,P2W6,Fragment,Orange,,1279.24,1117.25,500,,,
SFEI_01_S10,,P3W7,Fragment,White,,2626.17,2952.25,500,,,
SFEI_01_S10,,P4W8,Fragment,Green,,3912.18,2898.08,500,,,
SFEI_01_S10,,W09,,,,940.82,1090.17,500,,,
SFEI_01_S10,,W10,,,,1001.74,1394.87,500,,,
SFEI_01_S10,,W11,,,,1184.48,799,500,,,
SFEI_01_S10,,W12,,,,1319.85,724.52,500,,,
SFEI_01_S10,,P5W13,Fragment,White,,1461.99,1943.34,500,,,
SFEI_01_S10,,W14,,,,2829.23,3026.73,500,,,
SFEI_01_S10,,P6W15,Fragment,White,,399.34,1212.04,500,,,
SFEI_01_S10,,W16,,,,2450.19,3270.5,500,,,
SFEI_01_S10,,W17,,,,2111.77,1746.97,500,,,
SFEI_01_S10,,P7W18,Fragment,White,,1556.75,1435.5,500,,,
SFEI_01_S10,,P8W19,Fragment,White,,1103.26,1327.16,500,,,
SFEI_01_S10,,P9W20,Fragment,Orange,,2280.98,3372.07,500,,,
SFEI_01_S10,,P10W21,Fragment,White,,1387.54,1096.94,500,,,
SFEI_01_S10,,W22,,,,1062.65,1239.13,500,,,
SFEI_01_S10,,W23,,,,670.08,690.66,500,,,
SFEI_01_S10,,P11W24,Fragment,Red,,1461.99,1523.52,500,,,
SFEI_01_S10,,P12W25,Fragment,Orange,,473.79,501.07,500,,,
SFEI_01_S10,,W26,,,,1177.72,1300.07,500,,,
SFEI_01_S10,,P13W27,Fragment,Black,,3404.55,2600.15,500,,,
SFEI_01_S10,,P14W28,Fragment,Black,,1949.32,2816.83,500,,,
SFEI_01_S10,,P15W29,Fragment,Black,,1942.55,1936.57,500,,,
SFEI_01_S10,,P16W30,Fragment,White,,1888.41,2112.62,500,,,
SFEI_01_S10,,P17W31,Fragment,Blue,,3343.63,2288.67,500,,,
SFEI_01_S10,,W32,,,,1272.47,1272.99,500,,,
SFEI_01_S10,,P18W33,Fragment,Orange,,602.39,568.78,500,,,
SFEI_01_S10,,P19W34,Fragment,Orange,,961.12,853.17,500,,,
SFEI_01_S10,,P20W35,Fragment,Orange,,1665.05,1706.35,500,,,
SFEI_01_S10,,P21W36,Fragment,Orange,,494.1,616.18,500,,,
SFEI_01_S10,,P22W37,Fragment,Black,,2064.39,1415.18,500,,,
SFEI_01_S10,,W38,,,,1001.74,1279.76,500,,,
SFEI_01_S10,,P23W39,Fragment,Orange,,1204.79,616.18,500,,,
SFEI_01_S10,,P24W40,Fragment,Orange,,1908.71,1963.65,500,,,
SFEI_01_S10,,W41,,,,3539.92,2193.87,500,,,
SFEI_01_S10,,P25W42,Fragment,Orange,,812.22,1029.23,500,,,
SFEI_01_S10,,P26W43,Fragment,Black,,1692.12,1828.23,500,,,
SFEI_01_S10,,P27W44,Fragment,Orange,,1461.99,1780.83,500,,,
SFEI_01_S10,,P28W45,Fragment,Orange,,1238.63,1611.55,500,,,
SFEI_01_S10,,P29W46,Fragment,Black,,3878.34,3561.66,500,,,
SFEI_01_S10,,W47,,,,1929.02,1557.38,500,,,
SFEI_01_S10,,P30W48,Fragment,White,,1610.9,1279.76,500,,,
SFEI_01_S10,,P31W49,Fragment,Black,,1062.65,995.37,500,,,
SFEI_01_S10,,P32W50,Fragment,Black,,1428.15,1543.84,500,,,
SFEI_01_S10,,P33W51,Fragment,Black,,920.51,738.06,500,,,
SFEI_01_S10,,P34W52,Fragment,White,,2761.54,15116.75,500,,,
SFEI_01_S10,,W53,,,,1915.48,1421.96,500,,,
SFEI_01_S10,,P35W54,Fragment,Orange,,778.38,968.28,500,,,
SFEI_01_S10,,P36W55,Fragment,Orange,,866.37,914.11,500,,,
SFEI_01_S10,,P37W56,Fragment,Black,,3817.42,2911.62,500,,,
SFEI_01_S10,,P38W57,Fragment,Blue,,798.68,751.61,500,,,
SFEI_01_S10,,W58,,,,1698.89,1625.09,500,,,
SFEI_01_S10,,P39W59,Fragment,White,,913.75,1022.45,500,,,
SFEI_01_S10,,P40W60,Fragment,Brown,,1583.82,1096.94,500,,,
SFEI_01_S10,,P41W61,Fragment,Black,,1929.02,1848.54,500,,,
SFEI_01_S10,,W62,,,,2348.66,2512.12,500,,,
SFEI_01_S10,,W63,,,,1082.96,1841.77,500,,,
SFEI_01_S10,,W64,,,,2213.29,1936.57,500,,,
SFEI_01_S10,,P42W65,Fragment,Orange,,974.66,704.21,500,,,
SFEI_01_S10,,P43W66,Fragment,White,,1489.07,1868.86,500,,,
SFEI_01_S10,,P44W67,Fragment,Brown,,994.97,1015.68,500,,,
SFEI_01_S10,,P45W68,Fragment,White,,1028.81,1124.02,500,,,
SFEI_01_S10,,P46W69,Fragment,Orange,,2044.08,1638.63,500,,,
SFEI_01_S10,,P47W70,Fragment,Brown,,2105,2471.49,500,,,
SFEI_01_S10,,P48W71,Fragment,Orange,,832.52,866.72,500,,,
SFEI_01_S10,,P49W72,Fragment,Brown,,2111.77,1835,500,,,
SFEI_01_S10,,P50W73,Fragment,Orange,,900.21,1151.11,500,,,
SFEI_01_S10,,P51W74,Fragment,Orange,,1969.63,1889.17,500,,,
SFEI_01_S10,,P52W75,Fragment,White,,1455.22,1449.04,500,,,
SFEI_01_S10,,P53W76,Fragment,Orange,,636.24,622.95,500,,,
SFEI_01_S10,,W77,,,,1225.1,1435.5,500,,,
SFEI_01_S10,,P54W78,Fragment,Orange,,3709.13,2782.97,500,,,
SFEI_01_S10,,P55W79,Fragment,Orange,,1380.77,1807.92,500,,,
SFEI_01_S10,,P56W80,Fragment,White,,1922.25,1272.99,500,,,
SFEI_01_S10,,P57W81,Fragment,Black,,1475.53,1509.98,500,,,
SFEI_01_S10,,P58W82,Fragment,White,,852.83,1191.73,500,,,
SFEI_01_S10,,P59W83,Fragment,Black,,1116.8,1516.75,500,,,
SFEI_01_S10,,P60W84,Fragment,Black,,1421.38,1239.13,500,,,
SFEI_01_S10,,P61W85,Fragment,Black,,1340.16,1184.96,500,,,
SFEI_01_S10,,P62W86,Fragment,Black,,913.75,1489.67,500,,,
SFEI_01_S10,,P63W87,Fragment,Black,,1279.24,1259.45,500,,,
SFEI_01_S10,,P64W88,Fragment,Black,,2341.89,2044.91,500,,,
SFEI_01_S10,,P65W89,Fragment,White,,1008.5,1191.73,500,,,
SFEI_01_S10,,P66W90,Fragment,White,,1529.68,2383.47,500,,,
SFEI_01_S10,,P67W91,Fragment,White,,372.27,1713.12,500,,,
SFEI_01_S10,,P68W92,Fragment,Green,,988.2,1218.82,500,,,
SFEI_01_S10,,P69W93,Fragment,Orange,,670.09,568.78,500,,,
SFEI_01_S10,,P70W94,Fragment,Black,,886.61,778.69,500,,,
SFEI_01_S10,,P71W95,Fragment,Orange,,724.23,663.58,500,,,
SFEI_01_S10,,P72W96,Fragment,Black,,2138.84,1550.61,500,,,
,,,,,,,,,,,
SFEI_01_S11,,P2W5,Fragment,Orange,,1164.18,907.34,500,,,
SFEI_01_S11,,P3W6,Fragment,Orange,,1123.57,1259.45,500,,,
SFEI_01_S11,,P4W7,Fragment,Orange,,1678.58,1543.84,500,,,
SFEI_01_S11,,P5W8,Fragment,Orange,,1522.91,1327.16,500,,,
SFEI_01_S11,,W09,,,,1360.47,1767.29,500,,,
SFEI_01_S11,,W10,,,,1150.64,1584.46,500,,,
SFEI_01_S11,,W11,,,,1082.96,853.17,500,,,
SFEI_01_S11,,W12,,,,778.38,548.47,500,,,
SFEI_01_S11,,P6W13,Fragment,Orange,,839.29,846.4,500,,,
SFEI_01_S11,,W14,,,,1096.49,1029.23,500,,,
SFEI_01_S11,,P7W15,Fragment,White,,2673.55,2057.32,500,,,
SFEI_01_S11,,W16,,,,2951.06,3358.52,500,,,
SFEI_01_S11,,W17,,,,1895.18,1645.41,500,,,
SFEI_01_S11,,W18,,,,2720.93,1774.06,500,,,
SFEI_01_S11,,W19,,,,676.85,656.81,500,,,
SFEI_01_S11,,P8W20,Fragment,Orange,,1143.97,859.94,500,,,
SFEI_01_S11,,W21,,,,1543.21,1699.58,500,,,
SFEI_01_S11,,P9W22,Fragment,Orange,,1563.52,1266.22,500,,,
SFEI_01_S11,,P10W23,Fragment,Orange,,2456.96,1313.62,500,,,
SFEI_01_S11,,P11W24,Fragment,Orange,,1597.36,1252.68,500,,,
SFEI_01_S11,,W25,,,,1110.03,1198.51,500,,,
SFEI_01_S11,,P12W26,Fragment,Orange,,1313.09,1124.02,500,,,
SFEI_01_S11,,P13W27,Fragment,Orange,,900.21,1164.65,500,,,
SFEI_01_S11,,P14W28,Fragment,Orange,,744.53,724.52,500,,,
SFEI_01_S11,,P15W29,Fragment,Orange,,859.6,1008.91,500,,,
SFEI_01_S11,,W30,,,,,,500,,,
SFEI_01_S11,,W31,,,,1008.5,1279.76,500,,,
SFEI_01_S11,,W32,,,,913.75,1272.99,500,,,
SFEI_01_S11,,P16W33,Fragment,Orange,,1407.84,1191.73,500,,,
SFEI_01_S11,,P17W34,Fragment,Orange,,859.6,1063.08,500,,,
SFEI_01_S11,,P18W35,Fragment,Orange,,1177.72,670.35,500,,,
SFEI_01_S11,,P19W36,Fragment,Orange,,1258.94,1293.3,500,,,
SFEI_01_S11,,W37,,,,913.75,1049.54,500,,,
SFEI_01_S11,,P20W38,Fragment,Orange,,927.28,1489.67,500,,,
SFEI_01_S11,,P21W39,Fragment,Orange,,737.76,1157.88,500,,,
SFEI_01_S11,,W40,,,,1103.26,1279.76,500,,,
SFEI_01_S11,,P22W41,Fragment,White,,1360.47,907.34,500,,,
SFEI_01_S11,,W42,,,,961.12,1090.17,500,,,
SFEI_01_S11,,P23W43,Fragment,Orange,,1211.56,1862.08,500,,,
SFEI_01_S11,,P24W44,Fragment,Orange,,1055.88,1232.36,500,,,
SFEI_01_S11,,P25W45,Fragment,Orange,,2179.45,1489.67,500,,,
SFEI_01_S11,,P26W46,Fragment,Orange,,1143.87,1090.17,500,,,
SFEI_01_S11,,W47,,,,1170.95,1543.84,500,,,
SFEI_01_S11,,P27W48,Fragment,Orange,,1116.8,1279.76,500,,,
SFEI_01_S11,,W49,,,,622.7,778.69,500,,,
SFEI_01_S11,,P28W50,Fragment,Orange,,832.52,683.89,500,,,
SFEI_01_S11,,P29W51,Fragment,Orange,,1441.69,1408.41,500,,,
SFEI_01_S11,,P30W52,Fragment,White,,2021.92,678.78,500,,,
SFEI_01_S11,,W53,,,,1157.41,1435.5,500,,,
SFEI_01_S11,,P31W54,Fragment,White,,943.24,1012.87,500,,,
SFEI_01_S11,,P32W55,Fragment,Orange,,738.78,1007.52,500,,,
SFEI_01_S11,,P33W56,Fragment,Orange,,1333.08,1284.98,500,,,
SFEI_01_S11,,W57,,,,744.53,738.06,500,,,
SFEI_01_S11,,P34W58,Fragment,Orange,,864.43,626.6,500,,,
SFEI_01_S11,,W59,,,,832.52,758.38,500,,,
SFEI_01_S11,,W60,,,,2037.31,1814.69,500,,,
SFEI_01_S11,,P35W61,Fragment,Orange,,880.21,887.32,500,,,
SFEI_01_S11,,P36W62,Fragment,Orange,,609.45,913.58,500,,,
SFEI_01_S11,,W63,,,,906.98,751.61,500,,,
SFEI_01_S11,,P37W64,Fragment,Orange,,836.65,948.77,500,,,
SFEI_01_S11,,P38W65,Fragment,Orange,,1154.88,1164.49,500,,,
SFEI_01_S11,,W66,,,,1198.02,1063.08,500,,,
SFEI_01_S11,,P39W67,Fragment,Orange,,568.82,900.84,500,,,
SFEI_01_S11,,W68,,,,940.82,683.89,500,,,
SFEI_01_S11,,W69,,,,717.46,1124.02,500,,,
SFEI_01_S11,,W70,,,,778.38,710.98,500,,,
SFEI_01_S11,,W71,,,,690.39,683.89,500,,,
SFEI_01_S11,,P40W72,Fragment,Orange,,837.5,916.24,500,,,
SFEI_01_S11,,W73,,,,879.9,758.38,500,,,
SFEI_01_S11,,P41W74,Fragment,Orange,,660.28,814.02,500,,,
SFEI_01_S11,,P42W75,Fragment,Orange,,745.01,1000.02,500,,,
SFEI_01_S11,,P43W76,Fragment,Orange,,787.46,733.83,500,,,
SFEI_01_S11,,W77,,,,900.21,1015.68,500,,,
SFEI_01_S11,,W78,,,,609.16,832.86,500,,,
SFEI_01_S11,,P44W79,Fragment,Orange,,948.19,665.52,500,,,
SFEI_01_S11,,P45W80,Fragment,Orange,,839.45,650.49,500,,,
SFEI_01_S11,,P46W81,Fragment,Orange,,990.27,943.85,500,,,
SFEI_01_S11,,P47W82,Fragment,Orange,,861.28,1088.39,500,,,
SFEI_01_S11,,W83,,,,920.51,900.57,500,,,
SFEI_01_S11,,P48W84,Fragment,Orange,,923.18,988.31,500,,,
SFEI_01_S11,,W85,,,,731,751.61,500,,,
SFEI_01_S11,,W86,,,,934.05,832.86,500,,,
SFEI_01_S11,,W87,,,,731,751.61,500,,,
SFEI_01_S11,,W88,,,,798.68,819.32,500,,,
SFEI_01_S11,,W89,,,,920.51,758.38,500,,,
SFEI_01_S11,,W90,,,,825.75,629.72,500,,,
SFEI_01_S11,,W91,,,,818.99,873.49,500,,,
SFEI_01_S11,,W92,,,,643.01,805.77,500,,,
SFEI_01_S11,,P49W93,Fragment,Orange,,809.62,731,500,,,
SFEI_01_S11,,P50W94,Fragment,Orange,,903.64,568.12,500,,,
SFEI_01_S11,,W95,,,,805.77,744.53,500,,,
SFEI_01_S11,,P51W96,Fragment,Orange,,835.08,549.32,500,,,
,,,,,,,,,,,
SFEI_01_S12,,W05,,,,1801.14,1225.1,500,,,
SFEI_01_S12,,W06,,,,3187.96,2979.34,500,,,
SFEI_01_S12,,W07,,,,1333.93,1198.02,500,,,
SFEI_01_S12,,W08,,,,1177.72,859.94,500,,,
SFEI_01_S12,,P1W9,Fragment,Orange,,1116.8,1577.69,500,,,
SFEI_01_S12,,W10,,,,1449.04,1434.92,500,,,
SFEI_01_S12,,W11,,,,656.81,818.99,500,,,
SFEI_01_S12,,P2W12,Fragment,Orange,,893.44,1069.85,500,,,
SFEI_01_S12,,W13,,,,1015.68,879.9,500,,,
SFEI_01_S12,,W14,,,,1089.73,975.06,500,,,
SFEI_01_S12,,P3W15,Fragment,Orange,,1001.74,975.06,500,,,
SFEI_01_S12,,W16,,,,785.14,744.83,500,,,
SFEI_01_S12,,P4W17,Fragment,Orange,,1428.15,1361.01,500,,,
SFEI_01_S12,,W18,,,,1258.94,941.2,500,,,
SFEI_01_S12,,W19,,,,805.45,778.69,500,,,
SFEI_01_S12,,P5W20,Fragment,Orange,,656.54,602.64,500,,,
SFEI_01_S12,,W21,,,,886.67,819.32,500,,,
SFEI_01_S12,,W22,,,,1258.94,1198.51,500,,,
SFEI_01_S12,,W23,,,,1015.68,805.45,500,,,
SFEI_01_S12,,P6W24,Fragment,White,,1678.58,1584.46,500,,,
SFEI_01_S12,,W25,,,,974.66,656.81,500,,,
SFEI_01_S12,,W26,,,,941.2,913.75,500,,,
SFEI_01_S12,,W27,,,,839.63,832.52,500,,,
SFEI_01_S12,,W28,,,,710.98,900.21,500,,,
SFEI_01_S12,,P7W31,Fragment,Orange,,1705.66,1110.48,500,,,
SFEI_01_S12,,W32,,,,961.51,866.37,500,,,
SFEI_01_S12,,P8W33,Fragment,Orange,,893.44,887.03,500,,,
SFEI_01_S12,,W34,,,,792.23,846.06,500,,,
SFEI_01_S12,,W35,,,,900.21,704.21,500,,,
SFEI_01_S12,,P9W36,Fragment,White,,1387.54,1096.94,500,,,
SFEI_01_S12,,W37,,,,832.86,771.61,500,,,
SFEI_01_S12,,P10W38,Fragment,Orange,,818.99,785.46,500,,,
SFEI_01_S12,,P11W39,Fragment,Orange,,1617.67,1557.38,500,,,
SFEI_01_S12,,W40,,,,961.51,832.52,500,,,
SFEI_01_S12,,W41,,,,1726.66,399.34,500,,,
SFEI_01_S12,,P12W42,Fragment,Orange,,1028.81,920.89,500,,,
SFEI_01_S12,,P13W43,Fragment,White,,2984.9,2559.52,500,,,
SFEI_01_S12,,W44,,,,548.47,818.99,500,,,
SFEI_01_S12,,P14W45,Fragment,Black,,940.82,873.49,500,,,
SFEI_01_S12,,W46,,,,866.72,697.15,500,,,
SFEI_01_S12,,P15W47,Fragment,Black,,1651.51,880.26,500,,,
SFEI_01_S12,,P16W48,Fragment,Orange,,1414.61,1008.91,500,,,
SFEI_01_S12,,W49,,,,1063.08,399.34,500,,,
SFEI_01_S12,,W50,,,,826.09,737.76,500,,,
SFEI_01_S12,,W51,,,,995.37,818.99,500,,,
SFEI_01_S12,,P17W52,Fragment,Orange,,873.13,1205.28,500,,,
SFEI_01_S12,,P18W53,Fragment,Orange,,1096.49,785.46,500,,,
SFEI_01_S12,,W54,,,,927.66,622.7,500,,,
SFEI_01_S12,,P19W55,Fragment,Orange,,832.52,575.55,500,,,
SFEI_01_S12,,P20W56,Fragment,Orange,,906.98,988.6,500,,,
SFEI_01_S12,,W57,,,,927.66,805.45,500,,,
SFEI_01_S12,,P21W58,Fragment,Orange,,825.75,792.23,500,,,
SFEI_01_S12,,W59,,,,819.32,961.12,500,,,
SFEI_01_S12,,W60,,,,1022.45,873.13,500,,,
SFEI_01_S12,,W61,,,,1036,988.2,500,,,
SFEI_01_S12,,W62,,,,2816.83,2274.21,500,,,
SFEI_01_S12,,P22W63,Fragment,Red,,1231.86,1516.75,500,,,
SFEI_01_S12,,W64,,,,575.55,846.06,500,,,
SFEI_01_S12,,W65,,,,555.24,595.63,500,,,
SFEI_01_S12,,W66,,,,153.48,4552.77,500,,,
SFEI_01_S12,,W67,,,,1069.85,893.44,500,,,
SFEI_01_S12,,P23W68,Fragment,Orange,,1103.26,853.17,500,,,
SFEI_01_S12,,W69,,,,650.04,791.91,500,,,
SFEI_01_S12,,P24W71,Fragment,Orange,,852.83,826.09,500,,,
SFEI_01_S12,,P25W72,Fragment,Orange,,893.44,629.72,500,,,
SFEI_01_S12,,P26W73,Fragment,White,,2233.6,2464.72,500,,,
SFEI_01_S12,,P27W74,Fragment,White,,1895.18,2961.16,500,,,
SFEI_01_S12,,P28W75,Fragment,Black,,3830.96,4022.1,500,,,
SFEI_01_S12,,P29W76,Fragment,White,,3445.16,3196.01,500,,,
SFEI_01_S12,,P30W77,Fragment,White,,2199.76,2410.55,500,,,
SFEI_01_S12,,P31W78,Fragment,White,,873.13,1740.2,500,,,
SFEI_01_S12,,P32W79,Fragment,White,,758.07,1638.63,500,,,
SFEI_01_S12,,W80,,,,710.98,967.89,500,,,
SFEI_01_S12,,P33W81,Fragment,Green,,3438.39,3135.07,500,,,
SFEI_01_S12,,W82,,,,724.52,643.01,500,,,
SFEI_01_S12,,W83,,,,683.89,710.69,500,,,
,,,,,,,,,,,
SFEI_01_S13,,P1W5,Fragment,Brown,,2335.13,2024.59,500,,,
SFEI_01_S13,,W06,,,,2058.45,2917.22,500,,,
SFEI_01_S13,,P2W7,Fragment,Brown,,1644.74,2730.94,500,,,
SFEI_01_S13,,P3W8,Fragment,Blue,,1813.95,1212.05,500,,,
SFEI_01_S13,,P4W9,Fragment,Orange,,4311.52,3527.8,500,,,
SFEI_01_S13,,W10,,,,4015.33,2599.1,500,,,
SFEI_01_S13,,W11,,,,1462.58,1089.73,500,,,
SFEI_01_S13,,P5W12,Fragment,Blue,,85.14,880.26,500,,,
SFEI_01_S13,,P6W13,Fragment,White,,1671.82,2288.67,500,,,
SFEI_01_S13,,P7W14,Fragment,Brown,,1502.6,1090.17,500,,,
SFEI_01_S13,,W15,,,,866.72,859.6,500,,,
SFEI_01_S13,,P8W16,Fragment,Brown,,2077.92,2051.68,500,,,
SFEI_01_S13,,W17,,,,2344.63,1556.82,500,,,
SFEI_01_S13,,W18,,,,906.98,995.37,500,,,
SFEI_01_S13,,P9W19,Fragment,Blue,,2727.2,1902.71,500,,,
SFEI_01_S13,,W20,,,,2410.55,1604.13,500,,,
SFEI_01_S13,,P10W21,Fragment,Multicolor (2+ colors),,940.82,2308.99,500,,,
SFEI_01_S13,,P11W22,Fragment,Orange,,1604.13,1740.2,500,,,
SFEI_01_S13,,W23,,,,2689.81,932.38,500,,,
SFEI_01_S13,,W24,,,,616.18,771.61,500,,,
SFEI_01_S13,,W25,,,,812.55,818.99,500,,,
SFEI_01_S13,,W26,,,,1090.17,1028.81,500,,,
SFEI_01_S13,,W27,,,,961.51,392.57,500,,,
SFEI_01_S13,,P12W28,Fragment,White,,2132.07,1069.85,500,,,
SFEI_01_S13,,P13W29,Fragment,Brown,,2213.29,2383.47,500,,,
SFEI_01_S13,,W30,,,,1245.9,873.13,500,,,
SFEI_01_S13,,W31,,,,1083.39,832.52,500,,,
SFEI_01_S13,,W32,,,,1063.08,1252.17,500,,,
SFEI_01_S13,,W33,,,,758.38,839.29,500,,,
SFEI_01_S13,,W34,,,,1367.79,1333.39,500,,,
SFEI_01_S13,,W35,,,,528.15,602.39,500,,,
SFEI_01_S13,,W36,,,,501.07,1150.64,500,,,
,,,,,,,,,,,
SFEI_01_S14,,W37,,,,1137.56,791.91,500,,,
SFEI_01_S14,,W38,,,,934.05,832.86,500,,,
SFEI_01_S14,,W39,,,,1029.23,1170.95,500,,,
SFEI_01_S14,,W40,,,,541.7,967.89,500,,,
SFEI_01_S14,,P1W41,Fragment,White,,467.89,2363.15,500,,,
SFEI_01_S14,,W42,,,,731.29,1502.6,500,,,
SFEI_01_S14,,W43,,,,494.3,1495.83,500,,,
SFEI_01_S14,,P2W44,Fragment,White,,3011.97,2593.38,500,,,
SFEI_01_S14,,W45,,,,365.65,433.18,500,,,
SFEI_01_S14,,W46,,,,629.72,1380.77,500,,,
SFEI_01_S14,,P3W47,Fragment,Black,,2091.46,1902.71,500,,,
SFEI_01_S14,,P4W48,Fragment,White,,2233.6,2308.99,500,,,
SFEI_01_S14,,W49,,,,2065.22,2023.78,500,,,
SFEI_01_S14,,W50,,,,2810.06,3648.21,500,,,
SFEI_01_S14,,P5W51,Fragment,White,,3837.73,2864.22,500,,,
SFEI_01_S14,,W52,,,,771.92,1306.32,500,,,
SFEI_01_S14,,P6W53,Fragment,Green,,839.29,880.26,500,,,
SFEI_01_S14,,W54,,,,738.06,751.3,500,,,
SFEI_01_S14,,P7W55,Fragment,White,,2328.36,5146.13,500,,,
SFEI_01_S14,,P8W56,Fragment,White,,1516.14,3284.04,500,,,
SFEI_01_S14,,P9W57,Fragment,White,,1333.39,1570.92,500,,,
SFEI_01_S14,,P10W58,Fragment,Orange,,1157.41,1198.51,500,,,
SFEI_01_S14,,W59,,,,1388.1,1563.52,500,,,
SFEI_01_S14,,W60,,,,638.89,1001.74,500,,,
SFEI_01_S14,,P11W61,Fragment,White,,3235.33,1862.08,500,,,
SFEI_01_S14,,W62,,,,624.93,1402.6,500,,,
SFEI_01_S14,,W63,,,,2078.76,1225.1,500,,,
SFEI_01_S14,,P12W64,Fragment,Orange,,434.05,771.92,500,,,
SFEI_01_S14,,W65,,,,1015.68,873.13,500,,,
SFEI_01_S14,,W66,,,,663.58,670.08,500,,,
SFEI_01_S14,,W67,,,,731.29,1116.8,500,,,
SFEI_01_S14,,W68,,,,778.69,818.99,500,,,
SFEI_01_S14,,P13W69,Fragment,White,,1895.18,1645.41,500,,,
SFEI_01_S14,,P14W70,Fragment,White,,12700.57,279.29,500,,,
SFEI_01_S14,,P15W71,Fragment,Green,,15858.34,558.81,500,,,
SFEI_01_S14,,P16W72,Fragment,White,,7307.57,6939.39,500,,,
SFEI_01_S14,,P17W73,Fragment,White,,10606.96,8188.24,500,,,
SFEI_01_S14,,W74,,,,1956.88,1008.5,500,,,
SFEI_01_S14,,P18W76,Fragment,White,,6523.08,3340.79,500,,,
,,,,,,,,,,,
SFEI_01_S15,,W05,,,,4638.28,2314.82,500,,,
SFEI_01_S15,,W06,,,,3033.51,3600.83,500,,,
SFEI_01_S15,,P1W7,Fragment,White,,1545.75,1445.44,500,,,
SFEI_01_S15,,W08,,,,2051.68,2341.89,500,,,
SFEI_01_S15,,W09,,,,1861.33,1598.01,500,,,
SFEI_01_S15,,W10,,,,1415.18,940.82,500,,,
SFEI_01_S15,,W11,,,,819.32,1150.64,500,,,
SFEI_01_S15,,P2W12,Fragment,White,,1664.54,1302.06,500,,,
SFEI_01_S15,,W13,,,,873.49,1157.41,500,,,
SFEI_01_S15,,W14,,,,690.66,974.66,500,,,
SFEI_01_S15,,W15,,,,1561.69,2630.42,500,,,
SFEI_01_S15,,P3W16,Fragment,Orange,,1799.64,914.6,500,,,
SFEI_01_S15,,P4W17,Fragment,Orange,,1724.55,1238.49,500,,,
SFEI_01_S15,,P5W18,Fragment,Orange,,1552.42,1313.42,500,,,
SFEI_01_S15,,W19,,,,1863.96,4023.24,500,,,
SFEI_01_S15,,P6W20,Fragment,Orange,,1470.21,842.98,500,,,
SFEI_01_S15,,P7W21,Fragment,Orange,,1959.48,953.09,500,,,
SFEI_01_S15,,W22,,,,826.09,805.45,500,,,
SFEI_01_S15,,P8W23,Fragment,Orange,,1989.71,1293.04,500,,,
SFEI_01_S15,,W24,,,,1835,1888.41,500,,,
SFEI_01_S15,,W25,,,,927.66,1225.1,500,,,
SFEI_01_S15,,P9W26,Fragment,Orange,,1866.43,1416.86,500,,,
SFEI_01_S15,,W27,,,,2403.78,3086.43,500,,,
SFEI_01_S15,,W28,,,,1895.94,2253.9,500,,,
SFEI_01_S15,,W29,,,,1191.73,1198.02,500,,,
SFEI_01_S15,,W30,,,,1103.71,873.13,500,,,
SFEI_01_S15,,W31,,,,1455.81,2247.14,500,,,
SFEI_01_S15,,P10W32,Fragment,Orange,,1226.95,842.5,500,,,
SFEI_01_S15,,W33,,,,1577.69,2037.31,500,,,
SFEI_01_S15,,W34,,,,859.94,1028.81,500,,,
SFEI_01_S15,,W35,,,,1002.14,967.89,500,,,
SFEI_01_S15,,W36,,,,975.06,1028.81,500,,,
SFEI_01_S15,,W37,,,,2457.95,2118.54,500,,,
SFEI_01_S15,,P11W38,Fragment,Orange,,1765.06,1253.14,500,,,
SFEI_01_S15,,P12W39,Fragment,Orange,,1502.68,1309.87,500,,,
SFEI_01_S15,,W40 ,,,,1184.96,1536.45,500,,,
SFEI_01_S15,,W41,,,,1259.45,1502.6,500,,,
SFEI_01_S15,,W42,,,,947.97,1035.58,500,,,
SFEI_01_S15,,W43,,,,988.6,1685.35,500,,,
SFEI_01_S15,,P13W44,Fragment,Orange,,1422.87,895.4,500,,,
SFEI_01_S15,,P14W45,Fragment,Orange,,1577.92,963.38,500,,,
SFEI_01_S15,,W46,,,,724.52,1299.55,500,,,
SFEI_01_S15,,W47,,,,954.74,954.36,500,,,
SFEI_01_S15,,P15W48,Fragment,Orange,,1173.73,971.78,500,,,
SFEI_01_S15,,P16W49,Fragment,Orange,,2298.03,2120.62,500,,,
SFEI_01_S15,,W50,,,,2444.41,1644.74,500,,,
SFEI_01_S15,,W51,,,,1090.17,1543.21,500,,,
SFEI_01_S15,,P17W52,Fragment,Orange,,1972.94,1495.33,500,,,
SFEI_01_S15,,W53,,,,1733.43,1306.32,500,,,
SFEI_01_S15,,P18W54,Fragment,Orange,,1133.15,857.25,500,,,
SFEI_01_S15,,P19W55,Fragment,Orange,,1437.02,735.39,500,,,
SFEI_01_S15,,W56,,,,1320.39,1184.48,500,,,
SFEI_01_S15,,W57,,,,1442.27,1252.17,500,,,
SFEI_01_S15,,W58,,,,927.66,1583.82,500,,,
SFEI_01_S15,,W59,,,,1069.85,1062.65,500,,,
SFEI_01_S15,,W60,,,,988.6,967.89,500,,,
SFEI_01_S15,,P20W61,Fragment,Orange,,1939.16,1497.93,500,,,
SFEI_01_S15,,P21W62,Fragment,Orange,,1864.09,1493.48,500,,,
SFEI_01_S15,,W63,,,,1638.63,2064.39,500,,,
SFEI_01_S15,,W64,,,,1218.82,1360.47,500,,,
SFEI_01_S15,,W65,,,,866.72,886.62,500,,,
SFEI_01_S15,,W66,,,,1036,636.24,500,,,
SFEI_01_S15,,P22W67,Fragment,Orange,,964.07,592.3,500,,,
SFEI_01_S15,,W68,,,,1598.01,1482.3,500,,,
SFEI_01_S15,,W69,,,,941.2,1042.35,500,,,
SFEI_01_S15,,P23W70,Fragment,Orange,,2163.25,1344.46,500,,,
SFEI_01_S15,,W71,,,,1008.5,934.43,500,,,
SFEI_01_S15,,W72,,,,1151.11,927.28,500,,,
SFEI_01_S15,,P24W73,Fragment,Orange,,1186.05,820.47,500,,,
SFEI_01_S15,,W74,,,,1530.3,1651.51,500,,,
SFEI_01_S15,,W75,,,,1476.13,1022.04,500,,,
SFEI_01_S15,,W76,,,,1442.27,994.97,500,,,
SFEI_01_S15,,W77,,,,839.63,1276.13,500,,,
SFEI_01_S15,,P25W78,Fragment,Orange,,990.22,959.95,500,,,
SFEI_01_S15,,W79,,,,846.06,1239.3,500,,,
SFEI_01_S15,,W80,,,,3128.3,1184.48,500,,,
SFEI_01_S15,,W81,,,,799,961.12,500,,,
SFEI_01_S15,,P26W82,Fragment,Orange,,1155.49,745.68,500,,,
SFEI_01_S15,,W83,,,,1089.73,1063.08,500,,,
SFEI_01_S15,,W84,,,,1063.08,1130.34,500,,,
SFEI_01_S15,,W85,,,,1184.48,1306.84,500,,,
SFEI_01_S15,,W86,,,,1286.53,886.67,500,,,
SFEI_01_S15,,P27W87,Fragment,Orange,,854.52,774.72,500,,,
SFEI_01_S15,,W88,,,,1022.45,947.59,500,,,
SFEI_01_S15,,P28W89,Fragment,Orange,,1120.44,1047.5,500,,,
SFEI_01_S15,,W90,,,,906.98,1645.41,500,,,
SFEI_01_S15,,P29W91,Fragment,Orange,,1048.65,845.86,500,,,
SFEI_01_S15,,W92,,,,1509.37,1083.39,500,,,
SFEI_01_S15,,P30W93,Fragment,Orange,,1764.9,1310.74,500,,,
SFEI_01_S15,,P31W94,Fragment,Orange,,1459.28,944.34,500,,,
SFEI_01_S15,,W95,,,,866.37,1083.39,500,,,
SFEI_01_S15,,W96,,,,873.49,981.43,500,,,
,,,,,,,,,,,
SFEI_01_S16,,W5,,,,1977.2,1665.05,500,,,
SFEI_01_S16,,W6,,,,893.8,1028.81,500,,,
SFEI_01_S16,,W7,,,,738.06,954.36,500,,,
SFEI_01_S16,,W8,,,,866.72,731,500,,,
SFEI_01_S16,,W9,,,,1130.79,1326.62,500,,,
SFEI_01_S16,,W10,,,,1218.82,1529.68,500,,,
SFEI_01_S16,,W11,,,,1943.34,2680.83,500,,,
SFEI_01_S16,,W12,,,,1211.26,2715.32,500,,,
SFEI_01_S16,,W13,,,,1178.19,1028.81,500,,,
SFEI_01_S16,,P1W14,Fragment,White,,1008.5,1618.32,500,,,
SFEI_01_S16,,P2W15,Fragment,White,,1597.36,1726.66,500,,,
SFEI_01_S16,,P3W16,Fragment,White,,758.07,792.23,500,,,
SFEI_01_S16,,P4W17,Fragment,White,,2186.22,2227.73,500,,,
SFEI_01_S16,,P5W18,Fragment,White,,1035.58,839.63,500,,,
SFEI_01_S16,,W19,,,,1225.59,629.47,500,,,
SFEI_01_S16,,P6W20,Fragment,White,,656.54,744.83,500,,,
SFEI_01_S16,,W21,,,,1225.1,1611.55,500,,,
SFEI_01_S16,,W22,,,,1740.2,1502.6,500,,,
SFEI_01_S16,,W23,,,,1401.64,1346.64,500,,,
SFEI_01_S16,,P7W24,Fragment,White,,1428.15,1096.94,500,,,
SFEI_01_S16,,W25,,,,1069.85,1225.1,500,,,
SFEI_01_S16,,W26,,,,487.33,3855.4,500,,,
SFEI_01_S16,,W27,,,,1144.34,1421.38,500,,,
SFEI_01_S16,,W28,,,,1442.27,1286.01,500,,,
SFEI_01_S16,,P8W29,Fragment,Black,,1326.62,1137.56,500,,,
SFEI_01_S16,,P9W30,Fragment,Black,,1529.68,2139.7,500,,,
SFEI_01_S16,,W31,,,,738.06,825.75,500,,,
SFEI_01_S16,,W32,,,,968.28,988.2,500,,,
SFEI_01_S16,,P10W33,Fragment,Black,,758.07,609.41,500,,,
SFEI_01_S16,,W34,,,,832.86,785.14,500,,,
SFEI_01_S16,,W35,,,,988.6,1692.12,500,,,
SFEI_01_S16,,P11W36,Fragment,Orange,,1529.68,1604.78,500,,,
SFEI_01_S16,,W37,,,,731.29,967.89,500,,,
SFEI_01_S16,,P12W38,Fragment,White,,1387.54,1252.68,500,,,
SFEI_01_S16,,W39,,,,846.4,602.39,500,,,
SFEI_01_S16,,P13W40,Fragment,White,,1698.89,1692.8,500,,,
SFEI_01_S16,,P14W41,Fragment,White,,1353.7,1259.45,500,,,
SFEI_01_S16,,P15W42,Fragment,White,,2118.54,1746.97,500,,,
SFEI_01_S16,,P16W43,Fragment,White,,2253.9,1625.09,500,,,
SFEI_01_S16,,P17W44,Fragment,White,,1543.21,1564.15,500,,,
SFEI_01_S16,,P18W45,Fragment,White,,1313.09,1130.79,500,,,
SFEI_01_S16,,P19W46,Fragment,White,,906.98,1076.62,500,,,
SFEI_01_S16,,W47,,,,575.55,764.84,500,,,
SFEI_01_S16,,P20W48,Fragment,White,,1746.27,1523.52,500,,,
SFEI_01_S16,,P21W49,Fragment,Orange,,1225.1,1442.27,500,,,
SFEI_01_S16,,W50,,,,880.26,758.07,500,,,
SFEI_01_S16,,P22W51,Fragment,Orange,,2240.37,2295.44,500,,,
SFEI_01_S16,,P23W52,Fragment,Orange,,1434.92,1638.63,500,,,
SFEI_01_S16,,P24W53,Fragment,Orange,,1610.9,1801.14,500,,,
SFEI_01_S16,,P25W54,Fragment,Orange,,1556.75,1476.13,500,,,
SFEI_01_S16,,P26W55,Fragment,Orange,,1617.67,1388.1,500,,,
SFEI_01_S16,,P27W56,Fragment,Orange,,1739.5,1760.52,500,,,
SFEI_01_S16,,W57,,,,1293.3,1577.06,500,,,
SFEI_01_S16,,W58,,,,1760.52,1583.82,500,,,
SFEI_01_S16,,P28W59,Fragment,Orange,,1076.19,1164.65,500,,,
SFEI_01_S16,,W60,,,,968.28,785.14,500,,,
SFEI_01_S16,,P29W61,Fragment,Orange,,1258.94,887.03,500,,,
SFEI_01_S16,,W62,,,,1089.73,887.03,500,,,
SFEI_01_S16,,W63,,,,818.99,887.03,500,,,
SFEI_01_S16,,P30W64,Fragment,Orange,,791.91,1103.71,500,,,
SFEI_01_S16,,W65,,,,961.51,900.21,500,,,
SFEI_01_S16,,W66,,,,920.89,994.97,500,,,
SFEI_01_S16,,P31W67,Fragment,Orange,,846.06,981.83,500,,,
SFEI_01_S16,,P32W68,Fragment,Orange,,1123.57,751.61,500,,,
SFEI_01_S16,,P33W69,Fragment,Orange,,1069.42,1455.81,500,,,
SFEI_01_S16,,P34W70,Fragment,Orange,,866.37,826.09,500,,,
SFEI_01_S16,,W71,,,,988.6,1306.32,500,,,
SFEI_01_S16,,W72,,,,1361.01,1252.17,500,,,
SFEI_01_S16,,W73,,,,941.2,873.13,500,,,
SFEI_01_S16,,P35S74,Fragment,Orange,,1306.32,1069.85,500,,,
SFEI_01_S16,,P36W75,Fragment,Orange,,791.91,650.04,500,,,
SFEI_01_S16,,P37W76,Fragment,Orange,,1008.5,812.55,500,,,
SFEI_01_S16,,W77,,,,1090.17,798.68,500,,,
SFEI_01_S16,,W78,,,,1002.14,954.36,500,,,
SFEI_01_S16,,P38W79,Fragment,Orange,,1292.78,1036,500,,,
SFEI_01_S16,,P39W80,Fragment,Orange,,1042.35,1164.65,500,,,
SFEI_01_S16,,P40W81,Fragment,Orange,,859.6,920.89,500,,,
SFEI_01_S16,,W82,,,,975.06,852.83,500,,,
SFEI_01_S16,,W83,,,,1503.21,1157.41,500,,,
SFEI_01_S16,,P41W84,Fragment,Orange,,1218.33,1374.56,500,,,
SFEI_01_S16,,W85,,,,1895.94,1103.26,500,,,
SFEI_01_S16,,P42W86,Fragment,Orange,,1008.5,1171.42,500,,,
SFEI_01_S16,,W87,,,,954.74,988.2,500,,,
SFEI_01_S16,,P43W88,Fragment,Orange,,1062.65,1367.79,500,,,
SFEI_01_S16,,W89,,,,819.32,994.97,500,,,
SFEI_01_S16,,P44W90,Fragment,Orange,,1069.42,826.09,500,,,
SFEI_01_S16,,P45W91,Fragment,Orange,,1035.58,751.61,500,,,
SFEI_01_S16,,W92,,,,731.29,818.99,500,,,
SFEI_01_S16,,P46W93,Fragment,Orange,,1164.18,995.37,500,,,
SFEI_01_S16,,P47W94,Fragment,Orange,,1549.98,1286.53,500,,,
SFEI_01_S16,,P48W95,Fragment,Orange,,1414.61,880.26,500,,,
SFEI_01_S16,,P49W96,Fragment,Orange,,1204.79,812.55,500,,,